{
  "temperatures": [
    {
      "DateDuJour": "2023-01-01",
      "TempDuJour": -7,
      "TempMin": -11,
      "TempMax": -1
    },
    {
      "DateDuJour": "2023-01-02",
      "TempDuJour": -10,
      "TempMin": -13,
      "TempMax": -5
    },
    {
      "DateDuJour": "2023-01-03",
      "TempDuJour": -19,
      "TempMin": -25,
      "TempMax": -15
    },
    {
      "DateDuJour": "2023-01-04",
      "TempDuJour": -9,
      "TempMin": -11,
      "TempMax": -2
    },
    {
      "DateDuJour": "2023-01-05",
      "TempDuJour": -23,
      "TempMin": -26,
      "TempMax": -18
    },
    {
      "DateDuJour": "2023-01-06",
      "TempDuJour": -17,
      "TempMin": -22,
      "TempMax": -13
    },
    {
      "DateDuJour": "2023-01-07",
      "TempDuJour": -1,
      "TempMin": -4,
      "TempMax": 6
    },
    {
      "DateDuJour": "2023-01-08",
      "TempDuJour": 4,
      "TempMin": 2,
      "TempMax": 9
    },
    {
      "DateDuJour": "2023-01-09",
      "TempDuJour": -1,
      "TempMin": -4,
      "TempMax": 5
    },
    {
      "DateDuJour": "2023-01-10",
      "TempDuJour": 1,
      "TempMin": -4,
      "TempMax": 7
    },
    {
      "DateDuJour": "2023-01-11",
      "TempDuJour": -18,
      "TempMin": -22,
      "TempMax": -13
    },
    {
      "DateDuJour": "2023-01-12",
      "TempDuJour": -17,
      "TempMin": -18,
      "TempMax": -10
    },
    {
      "DateDuJour": "2023-01-13",
      "TempDuJour": -25,
      "TempMin": -29,
      "TempMax": -18
    },
    {
      "DateDuJour": "2023-01-14",
      "TempDuJour": -15,
      "TempMin": -21,
      "TempMax": -13
    },
    {
      "DateDuJour": "2023-01-15",
      "TempDuJour": -14,
      "TempMin": -20,
      "TempMax": -8
    },
    {
      "DateDuJour": "2023-01-16",
      "TempDuJour": 0,
      "TempMin": -3,
      "TempMax": 2
    },
    {
      "DateDuJour": "2023-01-17",
      "TempDuJour": -2,
      "TempMin": -6,
      "TempMax": 4
    },
    {
      "DateDuJour": "2023-01-18",
      "TempDuJour": -12,
      "TempMin": -13,
      "TempMax": -6
    },
    {
      "DateDuJour": "2023-01-19",
      "TempDuJour": -14,
      "TempMin": -19,
      "TempMax": -7
    },
    {
      "DateDuJour": "2023-01-20",
      "TempDuJour": 1,
      "TempMin": 0,
      "TempMax": 5
    },
    {
      "DateDuJour": "2023-01-21",
      "TempDuJour": -21,
      "TempMin": -23,
      "TempMax": -18
    },
    {
      "DateDuJour": "2023-01-22",
      "TempDuJour": -12,
      "TempMin": -17,
      "TempMax": -5
    },
    {
      "DateDuJour": "2023-01-23",
      "TempDuJour": -12,
      "TempMin": -13,
      "TempMax": -10
    },
    {
      "DateDuJour": "2023-01-24",
      "TempDuJour": 3,
      "TempMin": 1,
      "TempMax": 10
    },
    {
      "DateDuJour": "2023-01-25",
      "TempDuJour": -9,
      "TempMin": -10,
      "TempMax": -3
    },
    {
      "DateDuJour": "2023-01-26",
      "TempDuJour": -1,
      "TempMin": -4,
      "TempMax": 2
    },
    {
      "DateDuJour": "2023-01-27",
      "TempDuJour": -20,
      "TempMin": -21,
      "TempMax": -16
    },
    {
      "DateDuJour": "2023-01-28",
      "TempDuJour": 5,
      "TempMin": 1,
      "TempMax": 11
    },
    {
      "DateDuJour": "2023-01-29",
      "TempDuJour": 2,
      "TempMin": -2,
      "TempMax": 5
    },
    {
      "DateDuJour": "2023-01-30",
      "TempDuJour": -2,
      "TempMin": -6,
      "TempMax": 3
    },
    {
      "DateDuJour": "2023-01-31",
      "TempDuJour": -16,
      "TempMin": -17,
      "TempMax": -9
    },
    {
      "DateDuJour": "2023-02-01",
      "TempDuJour": -3,
      "TempMin": -8,
      "TempMax": 4
    },
    {
      "DateDuJour": "2023-02-02",
      "TempDuJour": -15,
      "TempMin": -19,
      "TempMax": -13
    },
    {
      "DateDuJour": "2023-02-03",
      "TempDuJour": -1,
      "TempMin": -7,
      "TempMax": 5
    },
    {
      "DateDuJour": "2023-02-04",
      "TempDuJour": -10,
      "TempMin": -11,
      "TempMax": -8
    },
    {
      "DateDuJour": "2023-02-05",
      "TempDuJour": -22,
      "TempMin": -26,
      "TempMax": -20
    },
    {
      "DateDuJour": "2023-02-06",
      "TempDuJour": -8,
      "TempMin": -9,
      "TempMax": -1
    },
    {
      "DateDuJour": "2023-02-07",
      "TempDuJour": -20,
      "TempMin": -23,
      "TempMax": -17
    },
    {
      "DateDuJour": "2023-02-08",
      "TempDuJour": 2,
      "TempMin": -4,
      "TempMax": 9
    },
    {
      "DateDuJour": "2023-02-09",
      "TempDuJour": 0,
      "TempMin": -6,
      "TempMax": 2
    },
    {
      "DateDuJour": "2023-02-10",
      "TempDuJour": 0,
      "TempMin": -4,
      "TempMax": 3
    },
    {
      "DateDuJour": "2023-02-11",
      "TempDuJour": -4,
      "TempMin": -9,
      "TempMax": 2
    },
    {
      "DateDuJour": "2023-02-12",
      "TempDuJour": -9,
      "TempMin": -12,
      "TempMax": -2
    },
    {
      "DateDuJour": "2023-02-13",
      "TempDuJour": -26,
      "TempMin": -27,
      "TempMax": -22
    },
    {
      "DateDuJour": "2023-02-14",
      "TempDuJour": -1,
      "TempMin": -4,
      "TempMax": 1
    },
    {
      "DateDuJour": "2023-02-15",
      "TempDuJour": -26,
      "TempMin": -29,
      "TempMax": -19
    },
    {
      "DateDuJour": "2023-02-16",
      "TempDuJour": -10,
      "TempMin": -11,
      "TempMax": -3
    },
    {
      "DateDuJour": "2023-02-17",
      "TempDuJour": -9,
      "TempMin": -14,
      "TempMax": -2
    },
    {
      "DateDuJour": "2023-02-18",
      "TempDuJour": -23,
      "TempMin": -27,
      "TempMax": -18
    },
    {
      "DateDuJour": "2023-02-19",
      "TempDuJour": -5,
      "TempMin": -9,
      "TempMax": -1
    },
    {
      "DateDuJour": "2023-02-20",
      "TempDuJour": -16,
      "TempMin": -17,
      "TempMax": -12
    },
    {
      "DateDuJour": "2023-02-21",
      "TempDuJour": -12,
      "TempMin": -14,
      "TempMax": -8
    },
    {
      "DateDuJour": "2023-02-22",
      "TempDuJour": -8,
      "TempMin": -10,
      "TempMax": -2
    },
    {
      "DateDuJour": "2023-02-23",
      "TempDuJour": 0,
      "TempMin": -1,
      "TempMax": 3
    },
    {
      "DateDuJour": "2023-02-24",
      "TempDuJour": -8,
      "TempMin": -12,
      "TempMax": -4
    },
    {
      "DateDuJour": "2023-02-25",
      "TempDuJour": 3,
      "TempMin": -2,
      "TempMax": 7
    },
    {
      "DateDuJour": "2023-02-26",
      "TempDuJour": 5,
      "TempMin": -1,
      "TempMax": 10
    },
    {
      "DateDuJour": "2023-02-27",
      "TempDuJour": -14,
      "TempMin": -20,
      "TempMax": -11
    },
    {
      "DateDuJour": "2023-02-28",
      "TempDuJour": -20,
      "TempMin": -23,
      "TempMax": -18
    },
    {
      "DateDuJour": "2023-03-01",
      "TempDuJour": -18,
      "TempMin": -22,
      "TempMax": -15
    },
    {
      "DateDuJour": "2023-03-02",
      "TempDuJour": -2,
      "TempMin": -3,
      "TempMax": 4
    },
    {
      "DateDuJour": "2023-03-03",
      "TempDuJour": 4,
      "TempMin": -2,
      "TempMax": 8
    },
    {
      "DateDuJour": "2023-03-04",
      "TempDuJour": -5,
      "TempMin": -7,
      "TempMax": -2
    },
    {
      "DateDuJour": "2023-03-05",
      "TempDuJour": 5,
      "TempMin": 0,
      "TempMax": 12
    },
    {
      "DateDuJour": "2023-03-06",
      "TempDuJour": -13,
      "TempMin": -17,
      "TempMax": -10
    },
    {
      "DateDuJour": "2023-03-07",
      "TempDuJour": -24,
      "TempMin": -26,
      "TempMax": -17
    },
    {
      "DateDuJour": "2023-03-08",
      "TempDuJour": -7,
      "TempMin": -12,
      "TempMax": -2
    },
    {
      "DateDuJour": "2023-03-09",
      "TempDuJour": -1,
      "TempMin": -5,
      "TempMax": 4
    },
    {
      "DateDuJour": "2023-03-10",
      "TempDuJour": -12,
      "TempMin": -17,
      "TempMax": -7
    },
    {
      "DateDuJour": "2023-03-11",
      "TempDuJour": -8,
      "TempMin": -13,
      "TempMax": -1
    },
    {
      "DateDuJour": "2023-03-12",
      "TempDuJour": -6,
      "TempMin": -10,
      "TempMax": 0
    },
    {
      "DateDuJour": "2023-03-13",
      "TempDuJour": 3,
      "TempMin": 2,
      "TempMax": 7
    },
    {
      "DateDuJour": "2023-03-14",
      "TempDuJour": -3,
      "TempMin": -8,
      "TempMax": 1
    },
    {
      "DateDuJour": "2023-03-15",
      "TempDuJour": -23,
      "TempMin": -25,
      "TempMax": -16
    },
    {
      "DateDuJour": "2023-03-16",
      "TempDuJour": -21,
      "TempMin": -27,
      "TempMax": -15
    },
    {
      "DateDuJour": "2023-03-17",
      "TempDuJour": -9,
      "TempMin": -14,
      "TempMax": -4
    },
    {
      "DateDuJour": "2023-03-18",
      "TempDuJour": -4,
      "TempMin": -8,
      "TempMax": 0
    },
    {
      "DateDuJour": "2023-03-19",
      "TempDuJour": -23,
      "TempMin": -28,
      "TempMax": -17
    },
    {
      "DateDuJour": "2023-03-20",
      "TempDuJour": -6,
      "TempMin": -11,
      "TempMax": -2
    },
    {
      "DateDuJour": "2023-03-21",
      "TempDuJour": -2,
      "TempMin": -6,
      "TempMax": 3
    },
    {
      "DateDuJour": "2023-03-22",
      "TempDuJour": 20,
      "TempMin": 15,
      "TempMax": 23
    },
    {
      "DateDuJour": "2023-03-23",
      "TempDuJour": 19,
      "TempMin": 16,
      "TempMax": 25
    },
    {
      "DateDuJour": "2023-03-24",
      "TempDuJour": 0,
      "TempMin": -6,
      "TempMax": 5
    },
    {
      "DateDuJour": "2023-03-25",
      "TempDuJour": 13,
      "TempMin": 9,
      "TempMax": 19
    },
    {
      "DateDuJour": "2023-03-26",
      "TempDuJour": 21,
      "TempMin": 17,
      "TempMax": 27
    },
    {
      "DateDuJour": "2023-03-27",
      "TempDuJour": 1,
      "TempMin": -2,
      "TempMax": 7
    },
    {
      "DateDuJour": "2023-03-28",
      "TempDuJour": 3,
      "TempMin": 1,
      "TempMax": 5
    },
    {
      "DateDuJour": "2023-03-29",
      "TempDuJour": 19,
      "TempMin": 15,
      "TempMax": 25
    },
    {
      "DateDuJour": "2023-03-30",
      "TempDuJour": 14,
      "TempMin": 11,
      "TempMax": 19
    },
    {
      "DateDuJour": "2023-03-31",
      "TempDuJour": 11,
      "TempMin": 6,
      "TempMax": 18
    },
    {
      "DateDuJour": "2023-04-01",
      "TempDuJour": 6,
      "TempMin": 0,
      "TempMax": 11
    },
    {
      "DateDuJour": "2023-04-02",
      "TempDuJour": 7,
      "TempMin": 2,
      "TempMax": 11
    },
    {
      "DateDuJour": "2023-04-03",
      "TempDuJour": 10,
      "TempMin": 4,
      "TempMax": 14
    },
    {
      "DateDuJour": "2023-04-04",
      "TempDuJour": 4,
      "TempMin": 1,
      "TempMax": 8
    },
    {
      "DateDuJour": "2023-04-05",
      "TempDuJour": 11,
      "TempMin": 10,
      "TempMax": 18
    },
    {
      "DateDuJour": "2023-04-06",
      "TempDuJour": 11,
      "TempMin": 7,
      "TempMax": 14
    },
    {
      "DateDuJour": "2023-04-07",
      "TempDuJour": 14,
      "TempMin": 11,
      "TempMax": 17
    },
    {
      "DateDuJour": "2023-04-08",
      "TempDuJour": 2,
      "TempMin": -3,
      "TempMax": 9
    },
    {
      "DateDuJour": "2023-04-09",
      "TempDuJour": 9,
      "TempMin": 8,
      "TempMax": 14
    },
    {
      "DateDuJour": "2023-04-10",
      "TempDuJour": 21,
      "TempMin": 15,
      "TempMax": 24
    },
    {
      "DateDuJour": "2023-04-11",
      "TempDuJour": 5,
      "TempMin": 2,
      "TempMax": 11
    },
    {
      "DateDuJour": "2023-04-12",
      "TempDuJour": 14,
      "TempMin": 9,
      "TempMax": 19
    },
    {
      "DateDuJour": "2023-04-13",
      "TempDuJour": 19,
      "TempMin": 13,
      "TempMax": 26
    },
    {
      "DateDuJour": "2023-04-14",
      "TempDuJour": 4,
      "TempMin": -1,
      "TempMax": 8
    },
    {
      "DateDuJour": "2023-04-15",
      "TempDuJour": 2,
      "TempMin": 0,
      "TempMax": 9
    },
    {
      "DateDuJour": "2023-04-16",
      "TempDuJour": 9,
      "TempMin": 4,
      "TempMax": 11
    },
    {
      "DateDuJour": "2023-04-17",
      "TempDuJour": 13,
      "TempMin": 9,
      "TempMax": 17
    },
    {
      "DateDuJour": "2023-04-18",
      "TempDuJour": 21,
      "TempMin": 19,
      "TempMax": 28
    },
    {
      "DateDuJour": "2023-04-19",
      "TempDuJour": 13,
      "TempMin": 10,
      "TempMax": 19
    },
    {
      "DateDuJour": "2023-04-20",
      "TempDuJour": 6,
      "TempMin": 5,
      "TempMax": 9
    },
    {
      "DateDuJour": "2023-04-21",
      "TempDuJour": 6,
      "TempMin": 4,
      "TempMax": 8
    },
    {
      "DateDuJour": "2023-04-22",
      "TempDuJour": 18,
      "TempMin": 14,
      "TempMax": 22
    },
    {
      "DateDuJour": "2023-04-23",
      "TempDuJour": 4,
      "TempMin": -1,
      "TempMax": 11
    },
    {
      "DateDuJour": "2023-04-24",
      "TempDuJour": 21,
      "TempMin": 17,
      "TempMax": 28
    },
    {
      "DateDuJour": "2023-04-25",
      "TempDuJour": 17,
      "TempMin": 13,
      "TempMax": 24
    },
    {
      "DateDuJour": "2023-04-26",
      "TempDuJour": 21,
      "TempMin": 18,
      "TempMax": 24
    },
    {
      "DateDuJour": "2023-04-27",
      "TempDuJour": 2,
      "TempMin": -3,
      "TempMax": 8
    },
    {
      "DateDuJour": "2023-04-28",
      "TempDuJour": 0,
      "TempMin": -3,
      "TempMax": 3
    },
    {
      "DateDuJour": "2023-04-29",
      "TempDuJour": 2,
      "TempMin": -1,
      "TempMax": 9
    },
    {
      "DateDuJour": "2023-04-30",
      "TempDuJour": 13,
      "TempMin": 10,
      "TempMax": 15
    },
    {
      "DateDuJour": "2023-05-01",
      "TempDuJour": 6,
      "TempMin": 5,
      "TempMax": 10
    },
    {
      "DateDuJour": "2023-05-02",
      "TempDuJour": 1,
      "TempMin": -3,
      "TempMax": 7
    },
    {
      "DateDuJour": "2023-05-03",
      "TempDuJour": 2,
      "TempMin": 0,
      "TempMax": 6
    },
    {
      "DateDuJour": "2023-05-04",
      "TempDuJour": 7,
      "TempMin": 4,
      "TempMax": 14
    },
    {
      "DateDuJour": "2023-05-05",
      "TempDuJour": 20,
      "TempMin": 17,
      "TempMax": 23
    },
    {
      "DateDuJour": "2023-05-06",
      "TempDuJour": 6,
      "TempMin": 0,
      "TempMax": 13
    },
    {
      "DateDuJour": "2023-05-07",
      "TempDuJour": 8,
      "TempMin": 3,
      "TempMax": 14
    },
    {
      "DateDuJour": "2023-05-08",
      "TempDuJour": 9,
      "TempMin": 3,
      "TempMax": 13
    },
    {
      "DateDuJour": "2023-05-09",
      "TempDuJour": 8,
      "TempMin": 7,
      "TempMax": 14
    },
    {
      "DateDuJour": "2023-05-10",
      "TempDuJour": 16,
      "TempMin": 12,
      "TempMax": 20
    },
    {
      "DateDuJour": "2023-05-11",
      "TempDuJour": 14,
      "TempMin": 8,
      "TempMax": 17
    },
    {
      "DateDuJour": "2023-05-12",
      "TempDuJour": 4,
      "TempMin": 2,
      "TempMax": 11
    },
    {
      "DateDuJour": "2023-05-13",
      "TempDuJour": 6,
      "TempMin": 4,
      "TempMax": 8
    },
    {
      "DateDuJour": "2023-05-14",
      "TempDuJour": 16,
      "TempMin": 15,
      "TempMax": 22
    },
    {
      "DateDuJour": "2023-05-15",
      "TempDuJour": 8,
      "TempMin": 5,
      "TempMax": 12
    },
    {
      "DateDuJour": "2023-05-16",
      "TempDuJour": 1,
      "TempMin": 0,
      "TempMax": 6
    },
    {
      "DateDuJour": "2023-05-17",
      "TempDuJour": 10,
      "TempMin": 4,
      "TempMax": 16
    },
    {
      "DateDuJour": "2023-05-18",
      "TempDuJour": 16,
      "TempMin": 12,
      "TempMax": 23
    },
    {
      "DateDuJour": "2023-05-19",
      "TempDuJour": 13,
      "TempMin": 9,
      "TempMax": 19
    },
    {
      "DateDuJour": "2023-05-20",
      "TempDuJour": 2,
      "TempMin": 0,
      "TempMax": 9
    },
    {
      "DateDuJour": "2023-05-21",
      "TempDuJour": 13,
      "TempMin": 7,
      "TempMax": 20
    },
    {
      "DateDuJour": "2023-05-22",
      "TempDuJour": 15,
      "TempMin": 12,
      "TempMax": 18
    },
    {
      "DateDuJour": "2023-05-23",
      "TempDuJour": 12,
      "TempMin": 8,
      "TempMax": 19
    },
    {
      "DateDuJour": "2023-05-24",
      "TempDuJour": 19,
      "TempMin": 14,
      "TempMax": 26
    },
    {
      "DateDuJour": "2023-05-25",
      "TempDuJour": 4,
      "TempMin": 2,
      "TempMax": 9
    },
    {
      "DateDuJour": "2023-05-26",
      "TempDuJour": 1,
      "TempMin": -5,
      "TempMax": 8
    },
    {
      "DateDuJour": "2023-05-27",
      "TempDuJour": 4,
      "TempMin": 0,
      "TempMax": 8
    },
    {
      "DateDuJour": "2023-05-28",
      "TempDuJour": 3,
      "TempMin": -2,
      "TempMax": 9
    },
    {
      "DateDuJour": "2023-05-29",
      "TempDuJour": 1,
      "TempMin": -5,
      "TempMax": 8
    },
    {
      "DateDuJour": "2023-05-30",
      "TempDuJour": 12,
      "TempMin": 11,
      "TempMax": 18
    },
    {
      "DateDuJour": "2023-05-31",
      "TempDuJour": 17,
      "TempMin": 12,
      "TempMax": 19
    },
    {
      "DateDuJour": "2023-06-01",
      "TempDuJour": 11,
      "TempMin": 9,
      "TempMax": 17
    },
    {
      "DateDuJour": "2023-06-02",
      "TempDuJour": 12,
      "TempMin": 11,
      "TempMax": 16
    },
    {
      "DateDuJour": "2023-06-03",
      "TempDuJour": 0,
      "TempMin": -5,
      "TempMax": 5
    },
    {
      "DateDuJour": "2023-06-04",
      "TempDuJour": 13,
      "TempMin": 9,
      "TempMax": 18
    },
    {
      "DateDuJour": "2023-06-05",
      "TempDuJour": 4,
      "TempMin": -2,
      "TempMax": 8
    },
    {
      "DateDuJour": "2023-06-06",
      "TempDuJour": 11,
      "TempMin": 7,
      "TempMax": 15
    },
    {
      "DateDuJour": "2023-06-07",
      "TempDuJour": 17,
      "TempMin": 16,
      "TempMax": 22
    },
    {
      "DateDuJour": "2023-06-08",
      "TempDuJour": 8,
      "TempMin": 2,
      "TempMax": 15
    },
    {
      "DateDuJour": "2023-06-09",
      "TempDuJour": 19,
      "TempMin": 15,
      "TempMax": 22
    },
    {
      "DateDuJour": "2023-06-10",
      "TempDuJour": 20,
      "TempMin": 18,
      "TempMax": 24
    },
    {
      "DateDuJour": "2023-06-11",
      "TempDuJour": 9,
      "TempMin": 5,
      "TempMax": 11
    },
    {
      "DateDuJour": "2023-06-12",
      "TempDuJour": 6,
      "TempMin": 5,
      "TempMax": 8
    },
    {
      "DateDuJour": "2023-06-13",
      "TempDuJour": 7,
      "TempMin": 6,
      "TempMax": 13
    },
    {
      "DateDuJour": "2023-06-14",
      "TempDuJour": 4,
      "TempMin": 2,
      "TempMax": 9
    },
    {
      "DateDuJour": "2023-06-15",
      "TempDuJour": 2,
      "TempMin": -4,
      "TempMax": 7
    },
    {
      "DateDuJour": "2023-06-16",
      "TempDuJour": 14,
      "TempMin": 12,
      "TempMax": 17
    },
    {
      "DateDuJour": "2023-06-17",
      "TempDuJour": 10,
      "TempMin": 4,
      "TempMax": 13
    },
    {
      "DateDuJour": "2023-06-18",
      "TempDuJour": 13,
      "TempMin": 9,
      "TempMax": 16
    },
    {
      "DateDuJour": "2023-06-19",
      "TempDuJour": 13,
      "TempMin": 9,
      "TempMax": 20
    },
    {
      "DateDuJour": "2023-06-20",
      "TempDuJour": 7,
      "TempMin": 6,
      "TempMax": 12
    },
    {
      "DateDuJour": "2023-06-21",
      "TempDuJour": 20,
      "TempMin": 15,
      "TempMax": 24
    },
    {
      "DateDuJour": "2023-06-22",
      "TempDuJour": 32,
      "TempMin": 30,
      "TempMax": 37
    },
    {
      "DateDuJour": "2023-06-23",
      "TempDuJour": 21,
      "TempMin": 18,
      "TempMax": 27
    },
    {
      "DateDuJour": "2023-06-24",
      "TempDuJour": 23,
      "TempMin": 19,
      "TempMax": 27
    },
    {
      "DateDuJour": "2023-06-25",
      "TempDuJour": 34,
      "TempMin": 31,
      "TempMax": 40
    },
    {
      "DateDuJour": "2023-06-26",
      "TempDuJour": 32,
      "TempMin": 26,
      "TempMax": 35
    },
    {
      "DateDuJour": "2023-06-27",
      "TempDuJour": 35,
      "TempMin": 34,
      "TempMax": 42
    },
    {
      "DateDuJour": "2023-06-28",
      "TempDuJour": 18,
      "TempMin": 14,
      "TempMax": 22
    },
    {
      "DateDuJour": "2023-06-29",
      "TempDuJour": 23,
      "TempMin": 21,
      "TempMax": 26
    },
    {
      "DateDuJour": "2023-06-30",
      "TempDuJour": 25,
      "TempMin": 24,
      "TempMax": 32
    },
    {
      "DateDuJour": "2023-07-01",
      "TempDuJour": 26,
      "TempMin": 25,
      "TempMax": 30
    },
    {
      "DateDuJour": "2023-07-02",
      "TempDuJour": 18,
      "TempMin": 14,
      "TempMax": 25
    },
    {
      "DateDuJour": "2023-07-03",
      "TempDuJour": 27,
      "TempMin": 21,
      "TempMax": 31
    },
    {
      "DateDuJour": "2023-07-04",
      "TempDuJour": 18,
      "TempMin": 16,
      "TempMax": 24
    },
    {
      "DateDuJour": "2023-07-05",
      "TempDuJour": 18,
      "TempMin": 15,
      "TempMax": 22
    },
    {
      "DateDuJour": "2023-07-06",
      "TempDuJour": 35,
      "TempMin": 31,
      "TempMax": 38
    },
    {
      "DateDuJour": "2023-07-07",
      "TempDuJour": 23,
      "TempMin": 20,
      "TempMax": 25
    },
    {
      "DateDuJour": "2023-07-08",
      "TempDuJour": 33,
      "TempMin": 31,
      "TempMax": 40
    },
    {
      "DateDuJour": "2023-07-09",
      "TempDuJour": 34,
      "TempMin": 32,
      "TempMax": 38
    },
    {
      "DateDuJour": "2023-07-10",
      "TempDuJour": 32,
      "TempMin": 30,
      "TempMax": 35
    },
    {
      "DateDuJour": "2023-07-11",
      "TempDuJour": 33,
      "TempMin": 29,
      "TempMax": 36
    },
    {
      "DateDuJour": "2023-07-12",
      "TempDuJour": 21,
      "TempMin": 15,
      "TempMax": 26
    },
    {
      "DateDuJour": "2023-07-13",
      "TempDuJour": 31,
      "TempMin": 25,
      "TempMax": 37
    },
    {
      "DateDuJour": "2023-07-14",
      "TempDuJour": 33,
      "TempMin": 30,
      "TempMax": 39
    },
    {
      "DateDuJour": "2023-07-15",
      "TempDuJour": 34,
      "TempMin": 30,
      "TempMax": 37
    },
    {
      "DateDuJour": "2023-07-16",
      "TempDuJour": 19,
      "TempMin": 13,
      "TempMax": 21
    },
    {
      "DateDuJour": "2023-07-17",
      "TempDuJour": 20,
      "TempMin": 18,
      "TempMax": 25
    },
    {
      "DateDuJour": "2023-07-18",
      "TempDuJour": 31,
      "TempMin": 28,
      "TempMax": 34
    },
    {
      "DateDuJour": "2023-07-19",
      "TempDuJour": 25,
      "TempMin": 24,
      "TempMax": 27
    },
    {
      "DateDuJour": "2023-07-20",
      "TempDuJour": 21,
      "TempMin": 20,
      "TempMax": 27
    },
    {
      "DateDuJour": "2023-07-21",
      "TempDuJour": 22,
      "TempMin": 20,
      "TempMax": 28
    },
    {
      "DateDuJour": "2023-07-22",
      "TempDuJour": 26,
      "TempMin": 25,
      "TempMax": 30
    },
    {
      "DateDuJour": "2023-07-23",
      "TempDuJour": 22,
      "TempMin": 18,
      "TempMax": 29
    },
    {
      "DateDuJour": "2023-07-24",
      "TempDuJour": 31,
      "TempMin": 30,
      "TempMax": 35
    },
    {
      "DateDuJour": "2023-07-25",
      "TempDuJour": 24,
      "TempMin": 20,
      "TempMax": 29
    },
    {
      "DateDuJour": "2023-07-26",
      "TempDuJour": 19,
      "TempMin": 15,
      "TempMax": 23
    },
    {
      "DateDuJour": "2023-07-27",
      "TempDuJour": 24,
      "TempMin": 19,
      "TempMax": 30
    },
    {
      "DateDuJour": "2023-07-28",
      "TempDuJour": 20,
      "TempMin": 14,
      "TempMax": 22
    },
    {
      "DateDuJour": "2023-07-29",
      "TempDuJour": 20,
      "TempMin": 15,
      "TempMax": 25
    },
    {
      "DateDuJour": "2023-07-30",
      "TempDuJour": 22,
      "TempMin": 20,
      "TempMax": 27
    },
    {
      "DateDuJour": "2023-07-31",
      "TempDuJour": 35,
      "TempMin": 31,
      "TempMax": 41
    },
    {
      "DateDuJour": "2023-08-01",
      "TempDuJour": 26,
      "TempMin": 24,
      "TempMax": 30
    },
    {
      "DateDuJour": "2023-08-02",
      "TempDuJour": 20,
      "TempMin": 19,
      "TempMax": 27
    },
    {
      "DateDuJour": "2023-08-03",
      "TempDuJour": 28,
      "TempMin": 27,
      "TempMax": 35
    },
    {
      "DateDuJour": "2023-08-04",
      "TempDuJour": 24,
      "TempMin": 20,
      "TempMax": 28
    },
    {
      "DateDuJour": "2023-08-05",
      "TempDuJour": 33,
      "TempMin": 31,
      "TempMax": 35
    },
    {
      "DateDuJour": "2023-08-06",
      "TempDuJour": 21,
      "TempMin": 20,
      "TempMax": 27
    },
    {
      "DateDuJour": "2023-08-07",
      "TempDuJour": 19,
      "TempMin": 15,
      "TempMax": 25
    },
    {
      "DateDuJour": "2023-08-08",
      "TempDuJour": 28,
      "TempMin": 24,
      "TempMax": 33
    },
    {
      "DateDuJour": "2023-08-09",
      "TempDuJour": 27,
      "TempMin": 22,
      "TempMax": 29
    },
    {
      "DateDuJour": "2023-08-10",
      "TempDuJour": 28,
      "TempMin": 22,
      "TempMax": 31
    },
    {
      "DateDuJour": "2023-08-11",
      "TempDuJour": 29,
      "TempMin": 26,
      "TempMax": 35
    },
    {
      "DateDuJour": "2023-08-12",
      "TempDuJour": 34,
      "TempMin": 29,
      "TempMax": 39
    },
    {
      "DateDuJour": "2023-08-13",
      "TempDuJour": 26,
      "TempMin": 24,
      "TempMax": 29
    },
    {
      "DateDuJour": "2023-08-14",
      "TempDuJour": 28,
      "TempMin": 23,
      "TempMax": 35
    },
    {
      "DateDuJour": "2023-08-15",
      "TempDuJour": 18,
      "TempMin": 14,
      "TempMax": 23
    },
    {
      "DateDuJour": "2023-08-16",
      "TempDuJour": 21,
      "TempMin": 20,
      "TempMax": 26
    },
    {
      "DateDuJour": "2023-08-17",
      "TempDuJour": 21,
      "TempMin": 18,
      "TempMax": 25
    },
    {
      "DateDuJour": "2023-08-18",
      "TempDuJour": 32,
      "TempMin": 27,
      "TempMax": 34
    },
    {
      "DateDuJour": "2023-08-19",
      "TempDuJour": 25,
      "TempMin": 20,
      "TempMax": 27
    },
    {
      "DateDuJour": "2023-08-20",
      "TempDuJour": 21,
      "TempMin": 15,
      "TempMax": 26
    },
    {
      "DateDuJour": "2023-08-21",
      "TempDuJour": 23,
      "TempMin": 22,
      "TempMax": 28
    },
    {
      "DateDuJour": "2023-08-22",
      "TempDuJour": 20,
      "TempMin": 14,
      "TempMax": 27
    },
    {
      "DateDuJour": "2023-08-23",
      "TempDuJour": 19,
      "TempMin": 13,
      "TempMax": 21
    },
    {
      "DateDuJour": "2023-08-24",
      "TempDuJour": 20,
      "TempMin": 15,
      "TempMax": 25
    },
    {
      "DateDuJour": "2023-08-25",
      "TempDuJour": 32,
      "TempMin": 27,
      "TempMax": 34
    },
    {
      "DateDuJour": "2023-08-26",
      "TempDuJour": 20,
      "TempMin": 15,
      "TempMax": 27
    },
    {
      "DateDuJour": "2023-08-27",
      "TempDuJour": 19,
      "TempMin": 14,
      "TempMax": 24
    },
    {
      "DateDuJour": "2023-08-28",
      "TempDuJour": 34,
      "TempMin": 28,
      "TempMax": 41
    },
    {
      "DateDuJour": "2023-08-29",
      "TempDuJour": 25,
      "TempMin": 24,
      "TempMax": 27
    },
    {
      "DateDuJour": "2023-08-30",
      "TempDuJour": 32,
      "TempMin": 29,
      "TempMax": 37
    },
    {
      "DateDuJour": "2023-08-31",
      "TempDuJour": 34,
      "TempMin": 29,
      "TempMax": 40
    },
    {
      "DateDuJour": "2023-09-01",
      "TempDuJour": 20,
      "TempMin": 18,
      "TempMax": 25
    },
    {
      "DateDuJour": "2023-09-02",
      "TempDuJour": 22,
      "TempMin": 16,
      "TempMax": 24
    },
    {
      "DateDuJour": "2023-09-03",
      "TempDuJour": 29,
      "TempMin": 23,
      "TempMax": 36
    },
    {
      "DateDuJour": "2023-09-04",
      "TempDuJour": 33,
      "TempMin": 27,
      "TempMax": 40
    },
    {
      "DateDuJour": "2023-09-05",
      "TempDuJour": 22,
      "TempMin": 17,
      "TempMax": 28
    },
    {
      "DateDuJour": "2023-09-06",
      "TempDuJour": 24,
      "TempMin": 19,
      "TempMax": 28
    },
    {
      "DateDuJour": "2023-09-07",
      "TempDuJour": 24,
      "TempMin": 20,
      "TempMax": 28
    },
    {
      "DateDuJour": "2023-09-08",
      "TempDuJour": 27,
      "TempMin": 21,
      "TempMax": 34
    },
    {
      "DateDuJour": "2023-09-09",
      "TempDuJour": 18,
      "TempMin": 12,
      "TempMax": 23
    },
    {
      "DateDuJour": "2023-09-10",
      "TempDuJour": 35,
      "TempMin": 31,
      "TempMax": 37
    },
    {
      "DateDuJour": "2023-09-11",
      "TempDuJour": 27,
      "TempMin": 24,
      "TempMax": 32
    },
    {
      "DateDuJour": "2023-09-12",
      "TempDuJour": 23,
      "TempMin": 17,
      "TempMax": 25
    },
    {
      "DateDuJour": "2023-09-13",
      "TempDuJour": 28,
      "TempMin": 26,
      "TempMax": 35
    },
    {
      "DateDuJour": "2023-09-14",
      "TempDuJour": 19,
      "TempMin": 13,
      "TempMax": 21
    },
    {
      "DateDuJour": "2023-09-15",
      "TempDuJour": 25,
      "TempMin": 22,
      "TempMax": 32
    },
    {
      "DateDuJour": "2023-09-16",
      "TempDuJour": 26,
      "TempMin": 22,
      "TempMax": 31
    },
    {
      "DateDuJour": "2023-09-17",
      "TempDuJour": 25,
      "TempMin": 19,
      "TempMax": 28
    },
    {
      "DateDuJour": "2023-09-18",
      "TempDuJour": 26,
      "TempMin": 23,
      "TempMax": 32
    },
    {
      "DateDuJour": "2023-09-19",
      "TempDuJour": 18,
      "TempMin": 14,
      "TempMax": 21
    },
    {
      "DateDuJour": "2023-09-20",
      "TempDuJour": 29,
      "TempMin": 25,
      "TempMax": 35
    },
    {
      "DateDuJour": "2023-09-21",
      "TempDuJour": 34,
      "TempMin": 29,
      "TempMax": 39
    },
    {
      "DateDuJour": "2023-09-22",
      "TempDuJour": 9,
      "TempMin": 6,
      "TempMax": 14
    },
    {
      "DateDuJour": "2023-09-23",
      "TempDuJour": 4,
      "TempMin": 0,
      "TempMax": 10
    },
    {
      "DateDuJour": "2023-09-24",
      "TempDuJour": 10,
      "TempMin": 9,
      "TempMax": 17
    },
    {
      "DateDuJour": "2023-09-25",
      "TempDuJour": 3,
      "TempMin": -1,
      "TempMax": 5
    },
    {
      "DateDuJour": "2023-09-26",
      "TempDuJour": 11,
      "TempMin": 8,
      "TempMax": 13
    },
    {
      "DateDuJour": "2023-09-27",
      "TempDuJour": 8,
      "TempMin": 2,
      "TempMax": 10
    },
    {
      "DateDuJour": "2023-09-28",
      "TempDuJour": -2,
      "TempMin": -4,
      "TempMax": 5
    },
    {
      "DateDuJour": "2023-09-29",
      "TempDuJour": 11,
      "TempMin": 9,
      "TempMax": 18
    },
    {
      "DateDuJour": "2023-09-30",
      "TempDuJour": 10,
      "TempMin": 4,
      "TempMax": 13
    },
    {
      "DateDuJour": "2023-10-01",
      "TempDuJour": 0,
      "TempMin": -1,
      "TempMax": 6
    },
    {
      "DateDuJour": "2023-10-02",
      "TempDuJour": 5,
      "TempMin": 1,
      "TempMax": 10
    },
    {
      "DateDuJour": "2023-10-03",
      "TempDuJour": 9,
      "TempMin": 6,
      "TempMax": 14
    },
    {
      "DateDuJour": "2023-10-04",
      "TempDuJour": 14,
      "TempMin": 13,
      "TempMax": 18
    },
    {
      "DateDuJour": "2023-10-05",
      "TempDuJour": -3,
      "TempMin": -7,
      "TempMax": 2
    },
    {
      "DateDuJour": "2023-10-06",
      "TempDuJour": 5,
      "TempMin": 3,
      "TempMax": 7
    },
    {
      "DateDuJour": "2023-10-07",
      "TempDuJour": 6,
      "TempMin": 1,
      "TempMax": 9
    },
    {
      "DateDuJour": "2023-10-08",
      "TempDuJour": -2,
      "TempMin": -5,
      "TempMax": 2
    },
    {
      "DateDuJour": "2023-10-09",
      "TempDuJour": 16,
      "TempMin": 10,
      "TempMax": 23
    },
    {
      "DateDuJour": "2023-10-10",
      "TempDuJour": 7,
      "TempMin": 4,
      "TempMax": 10
    },
    {
      "DateDuJour": "2023-10-11",
      "TempDuJour": 16,
      "TempMin": 11,
      "TempMax": 20
    },
    {
      "DateDuJour": "2023-10-12",
      "TempDuJour": 0,
      "TempMin": -6,
      "TempMax": 4
    },
    {
      "DateDuJour": "2023-10-13",
      "TempDuJour": -5,
      "TempMin": -6,
      "TempMax": -3
    },
    {
      "DateDuJour": "2023-10-14",
      "TempDuJour": 4,
      "TempMin": 2,
      "TempMax": 7
    },
    {
      "DateDuJour": "2023-10-15",
      "TempDuJour": -1,
      "TempMin": -7,
      "TempMax": 2
    },
    {
      "DateDuJour": "2023-10-16",
      "TempDuJour": -5,
      "TempMin": -9,
      "TempMax": 1
    },
    {
      "DateDuJour": "2023-10-17",
      "TempDuJour": 2,
      "TempMin": -4,
      "TempMax": 5
    },
    {
      "DateDuJour": "2023-10-18",
      "TempDuJour": 8,
      "TempMin": 7,
      "TempMax": 15
    },
    {
      "DateDuJour": "2023-10-19",
      "TempDuJour": -2,
      "TempMin": -5,
      "TempMax": 1
    },
    {
      "DateDuJour": "2023-10-20",
      "TempDuJour": 6,
      "TempMin": 4,
      "TempMax": 11
    },
    {
      "DateDuJour": "2023-10-21",
      "TempDuJour": 8,
      "TempMin": 4,
      "TempMax": 10
    },
    {
      "DateDuJour": "2023-10-22",
      "TempDuJour": -4,
      "TempMin": -6,
      "TempMax": -1
    },
    {
      "DateDuJour": "2023-10-23",
      "TempDuJour": 0,
      "TempMin": -2,
      "TempMax": 2
    },
    {
      "DateDuJour": "2023-10-24",
      "TempDuJour": -5,
      "TempMin": -7,
      "TempMax": 0
    },
    {
      "DateDuJour": "2023-10-25",
      "TempDuJour": 3,
      "TempMin": 1,
      "TempMax": 5
    },
    {
      "DateDuJour": "2023-10-26",
      "TempDuJour": 13,
      "TempMin": 8,
      "TempMax": 18
    },
    {
      "DateDuJour": "2023-10-27",
      "TempDuJour": -4,
      "TempMin": -6,
      "TempMax": 3
    },
    {
      "DateDuJour": "2023-10-28",
      "TempDuJour": 4,
      "TempMin": -1,
      "TempMax": 7
    },
    {
      "DateDuJour": "2023-10-29",
      "TempDuJour": 6,
      "TempMin": 1,
      "TempMax": 9
    },
    {
      "DateDuJour": "2023-10-30",
      "TempDuJour": 8,
      "TempMin": 7,
      "TempMax": 11
    },
    {
      "DateDuJour": "2023-10-31",
      "TempDuJour": 6,
      "TempMin": 2,
      "TempMax": 8
    },
    {
      "DateDuJour": "2023-11-01",
      "TempDuJour": -1,
      "TempMin": -7,
      "TempMax": 4
    },
    {
      "DateDuJour": "2023-11-02",
      "TempDuJour": 9,
      "TempMin": 5,
      "TempMax": 12
    },
    {
      "DateDuJour": "2023-11-03",
      "TempDuJour": -4,
      "TempMin": -9,
      "TempMax": -1
    },
    {
      "DateDuJour": "2023-11-04",
      "TempDuJour": 1,
      "TempMin": -4,
      "TempMax": 7
    },
    {
      "DateDuJour": "2023-11-05",
      "TempDuJour": -4,
      "TempMin": -6,
      "TempMax": 1
    },
    {
      "DateDuJour": "2023-11-06",
      "TempDuJour": 0,
      "TempMin": -1,
      "TempMax": 4
    },
    {
      "DateDuJour": "2023-11-07",
      "TempDuJour": 10,
      "TempMin": 6,
      "TempMax": 15
    },
    {
      "DateDuJour": "2023-11-08",
      "TempDuJour": 7,
      "TempMin": 5,
      "TempMax": 10
    },
    {
      "DateDuJour": "2023-11-09",
      "TempDuJour": 9,
      "TempMin": 8,
      "TempMax": 16
    },
    {
      "DateDuJour": "2023-11-10",
      "TempDuJour": 10,
      "TempMin": 8,
      "TempMax": 13
    },
    {
      "DateDuJour": "2023-11-11",
      "TempDuJour": -1,
      "TempMin": -2,
      "TempMax": 6
    },
    {
      "DateDuJour": "2023-11-12",
      "TempDuJour": 1,
      "TempMin": -1,
      "TempMax": 7
    },
    {
      "DateDuJour": "2023-11-13",
      "TempDuJour": -3,
      "TempMin": -6,
      "TempMax": 0
    },
    {
      "DateDuJour": "2023-11-14",
      "TempDuJour": -5,
      "TempMin": -7,
      "TempMax": -3
    },
    {
      "DateDuJour": "2023-11-15",
      "TempDuJour": 14,
      "TempMin": 8,
      "TempMax": 20
    },
    {
      "DateDuJour": "2023-11-16",
      "TempDuJour": 7,
      "TempMin": 3,
      "TempMax": 10
    },
    {
      "DateDuJour": "2023-11-17",
      "TempDuJour": 1,
      "TempMin": 0,
      "TempMax": 5
    },
    {
      "DateDuJour": "2023-11-18",
      "TempDuJour": -1,
      "TempMin": -3,
      "TempMax": 6
    },
    {
      "DateDuJour": "2023-11-19",
      "TempDuJour": 9,
      "TempMin": 8,
      "TempMax": 14
    },
    {
      "DateDuJour": "2023-11-20",
      "TempDuJour": 14,
      "TempMin": 9,
      "TempMax": 20
    },
    {
      "DateDuJour": "2023-11-21",
      "TempDuJour": 2,
      "TempMin": -2,
      "TempMax": 5
    },
    {
      "DateDuJour": "2023-11-22",
      "TempDuJour": 2,
      "TempMin": 1,
      "TempMax": 4
    },
    {
      "DateDuJour": "2023-11-23",
      "TempDuJour": 8,
      "TempMin": 5,
      "TempMax": 12
    },
    {
      "DateDuJour": "2023-11-24",
      "TempDuJour": 10,
      "TempMin": 4,
      "TempMax": 13
    },
    {
      "DateDuJour": "2023-11-25",
      "TempDuJour": 3,
      "TempMin": -1,
      "TempMax": 5
    },
    {
      "DateDuJour": "2023-11-26",
      "TempDuJour": 0,
      "TempMin": -4,
      "TempMax": 7
    },
    {
      "DateDuJour": "2023-11-27",
      "TempDuJour": 2,
      "TempMin": 0,
      "TempMax": 5
    },
    {
      "DateDuJour": "2023-11-28",
      "TempDuJour": -4,
      "TempMin": -5,
      "TempMax": 1
    },
    {
      "DateDuJour": "2023-11-29",
      "TempDuJour": 14,
      "TempMin": 9,
      "TempMax": 16
    },
    {
      "DateDuJour": "2023-11-30",
      "TempDuJour": 0,
      "TempMin": -3,
      "TempMax": 6
    },
    {
      "DateDuJour": "2023-12-01",
      "TempDuJour": 3,
      "TempMin": 2,
      "TempMax": 7
    },
    {
      "DateDuJour": "2023-12-02",
      "TempDuJour": 16,
      "TempMin": 12,
      "TempMax": 18
    },
    {
      "DateDuJour": "2023-12-03",
      "TempDuJour": 9,
      "TempMin": 7,
      "TempMax": 15
    },
    {
      "DateDuJour": "2023-12-04",
      "TempDuJour": -3,
      "TempMin": -6,
      "TempMax": 1
    },
    {
      "DateDuJour": "2023-12-05",
      "TempDuJour": 0,
      "TempMin": -1,
      "TempMax": 2
    },
    {
      "DateDuJour": "2023-12-06",
      "TempDuJour": 7,
      "TempMin": 1,
      "TempMax": 10
    },
    {
      "DateDuJour": "2023-12-07",
      "TempDuJour": -4,
      "TempMin": -6,
      "TempMax": -2
    },
    {
      "DateDuJour": "2023-12-08",
      "TempDuJour": 8,
      "TempMin": 6,
      "TempMax": 11
    },
    {
      "DateDuJour": "2023-12-09",
      "TempDuJour": 8,
      "TempMin": 4,
      "TempMax": 14
    },
    {
      "DateDuJour": "2023-12-10",
      "TempDuJour": 10,
      "TempMin": 7,
      "TempMax": 17
    },
    {
      "DateDuJour": "2023-12-11",
      "TempDuJour": 11,
      "TempMin": 5,
      "TempMax": 16
    },
    {
      "DateDuJour": "2023-12-12",
      "TempDuJour": 11,
      "TempMin": 5,
      "TempMax": 15
    },
    {
      "DateDuJour": "2023-12-13",
      "TempDuJour": 7,
      "TempMin": 1,
      "TempMax": 9
    },
    {
      "DateDuJour": "2023-12-14",
      "TempDuJour": -3,
      "TempMin": -8,
      "TempMax": 0
    },
    {
      "DateDuJour": "2023-12-15",
      "TempDuJour": -3,
      "TempMin": -5,
      "TempMax": 4
    },
    {
      "DateDuJour": "2023-12-16",
      "TempDuJour": 3,
      "TempMin": 1,
      "TempMax": 9
    },
    {
      "DateDuJour": "2023-12-17",
      "TempDuJour": -2,
      "TempMin": -8,
      "TempMax": 3
    },
    {
      "DateDuJour": "2023-12-18",
      "TempDuJour": 7,
      "TempMin": 3,
      "TempMax": 14
    },
    {
      "DateDuJour": "2023-12-19",
      "TempDuJour": 7,
      "TempMin": 1,
      "TempMax": 9
    },
    {
      "DateDuJour": "2023-12-20",
      "TempDuJour": 2,
      "TempMin": 0,
      "TempMax": 5
    },
    {
      "DateDuJour": "2023-12-21",
      "TempDuJour": 11,
      "TempMin": 7,
      "TempMax": 14
    },
    {
      "DateDuJour": "2023-12-22",
      "TempDuJour": -9,
      "TempMin": -15,
      "TempMax": -5
    },
    {
      "DateDuJour": "2023-12-23",
      "TempDuJour": -5,
      "TempMin": -7,
      "TempMax": 2
    },
    {
      "DateDuJour": "2023-12-24",
      "TempDuJour": -4,
      "TempMin": -8,
      "TempMax": 0
    },
    {
      "DateDuJour": "2023-12-25",
      "TempDuJour": -9,
      "TempMin": -10,
      "TempMax": -7
    },
    {
      "DateDuJour": "2023-12-26",
      "TempDuJour": -9,
      "TempMin": -12,
      "TempMax": -6
    },
    {
      "DateDuJour": "2023-12-27",
      "TempDuJour": -7,
      "TempMin": -8,
      "TempMax": -3
    },
    {
      "DateDuJour": "2023-12-28",
      "TempDuJour": -6,
      "TempMin": -12,
      "TempMax": -1
    },
    {
      "DateDuJour": "2023-12-29",
      "TempDuJour": -3,
      "TempMin": -9,
      "TempMax": 0
    },
    {
      "DateDuJour": "2023-12-30",
      "TempDuJour": -5,
      "TempMin": -10,
      "TempMax": -1
    },
    {
      "DateDuJour": "2023-12-31",
      "TempDuJour": -3,
      "TempMin": -9,
      "TempMax": 2
    }
  ]
}